{
  "name": "switcher",
  "title": "Simple jQuery Switcher",
  "description": "A lightweight and simple diphasic switcher plugin",
  "keywords": [
    "ui",
    "switcher"
  ],
  "version": "1.0.6",
  "author": {
    "name": "Nikita Lebedev",
    "url": "http://jumanji.name",
    "email": "jumanji2277@gmail.com"
  },
  "licenses": [
    {
      "type": "Creative commons",
      "url": "http://creativecommons.org/licenses/by-nc-nd/3.0/"
    }
  ],
  "homepage": "http://jumanji.name/jquery-switcher/",
  "demo": "http://jumanji.name/example/jquery-switcher/",
  "download": "http://jumanji.name/example/jquery-switcher/zip/jquery-switcher.zip",
  "dependencies": {
    "jquery": ">=1.3.2"
  }
}