{
  "name": "simplepopup",
  "title": "Simple jQuery Popup",
  "description": "A lightweight and simple transition popup plugin",
  "keywords": [
    "ui",
    "popup",
    "html5",
    "transition"
  ],
  "version": "1.1.14",
  "author": {
    "name": "Nikita Lebedev",
    "url": "http://jumanji.name",
    "email": "jumanji2277@gmail.com"
  },
  "licenses": [
    {
      "type": "Creative commons",
      "url": "http://creativecommons.org/licenses/by-nc-nd/3.0/"
    }
  ],
  "homepage": "http://jumanji.name/simple-jquery-popup/",
  "demo": "http://jumanji.name/example/simple-jquery-popup/",
  "download": "http://jumanji.name/example/simple-jquery-popup/zip/simple-jquery-popup.zip",
  "dependencies": {
    "jquery": ">=1.3.2"
  }
}